table_name	column_name	ordinal_position	data_type	is_nullable	column_default
device_scoring_rule	device_id	1	int	YES	<NULL>
device_scoring_rule	id	2	int	NO	<NULL>
device_scoring_rule	create_time	3	datetime	YES	<NULL>
device_scoring_rule	name	4	varchar	YES	<NULL>
device_scoring_rule	rule_content	5	longtext	YES	<NULL>
general_key_pat	id	1	int	NO	<NULL>
general_key_pat	is_average	2	int	YES	<NULL>
general_key_pat	is_cable	3	int	YES	<NULL>
general_key_pat	is_random	4	int	YES	<NULL>
general_key_pat	message_type	5	int	YES	<NULL>
general_key_pat	protocol_version	6	int	NO	<NULL>
general_key_pat	status	7	int	YES	<NULL>
general_key_pat	total_number	8	int	YES	<NULL>
general_key_pat	train_type	9	int	YES	<NULL>
general_key_pat	create_time	10	datetime	YES	<NULL>
general_key_pat	end_time	11	datetime	YES	<NULL>
general_key_pat	start_time	12	datetime	YES	<NULL>
general_key_pat	valid_time	13	bigint	YES	<NULL>
general_key_pat	create_user	14	varchar	YES	<NULL>
general_key_pat	rule_content	15	longtext	YES	<NULL>
general_key_pat	rule_id	16	varchar	YES	<NULL>
general_key_pat	title	17	varchar	YES	<NULL>
general_key_pat_page	page_number	1	int	YES	<NULL>
general_key_pat_page	sort	2	int	YES	<NULL>
general_key_pat_page	train_id	3	int	YES	<NULL>
general_key_pat_page	id	4	varchar	NO	<NULL>
general_key_pat_page	key	5	varchar	YES	<NULL>
general_key_pat_page	time	6	varchar	YES	<NULL>
general_key_pat_page	value	7	varchar	YES	<NULL>
general_key_pat_train_more	id	1	int	NO	<NULL>
general_key_pat_train_more	page_number	2	int	YES	<NULL>
general_key_pat_train_more	train_id	3	int	YES	<NULL>
general_key_pat_train_more	more_group	4	longtext	YES	<NULL>
general_key_pat_train_more	more_line	5	longtext	YES	<NULL>
general_key_pat_train_more	user_id	6	varchar	YES	<NULL>
general_key_pat_user	attempt	1	int	NO	<NULL>
general_key_pat_user	error_number	2	int	YES	<NULL>
general_key_pat_user	id	3	int	NO	<NULL>
general_key_pat_user	is_finish	4	int	YES	<NULL>
general_key_pat_user	role	5	int	YES	<NULL>
general_key_pat_user	score	6	decimal	YES	<NULL>
general_key_pat_user	train_id	7	int	YES	<NULL>
general_key_pat_user	active_millis	8	bigint	YES	<NULL>
general_key_pat_user	capture_started_at	9	datetime	YES	<NULL>
general_key_pat_user	create_time	10	datetime	YES	<NULL>
general_key_pat_user	finish_time	11	datetime	YES	<NULL>
general_key_pat_user	accuracy	12	varchar	YES	<NULL>
general_key_pat_user	capture_pages	13	longtext	NO	<NULL>
general_key_pat_user	content	14	varchar	YES	<NULL>
general_key_pat_user	deduct_info	15	longtext	YES	<NULL>
general_key_pat_user	duration	16	varchar	YES	<NULL>
general_key_pat_user	speed	17	varchar	YES	<NULL>
general_key_pat_user	statistic_info	18	longtext	YES	<NULL>
general_key_pat_user	user_id	19	varchar	YES	<NULL>
general_key_pat_user_value	id	1	int	NO	<NULL>
general_key_pat_user_value	page_number	2	int	YES	<NULL>
general_key_pat_user_value	sort	3	int	YES	<NULL>
general_key_pat_user_value	train_id	4	int	YES	<NULL>
general_key_pat_user_value	key	5	varchar	YES	<NULL>
general_key_pat_user_value	time	6	longtext	YES	<NULL>
general_key_pat_user_value	user_id	7	varchar	YES	<NULL>
general_key_pat_user_value	value	8	longtext	YES	<NULL>
general_key_pat_user_value_resolver	id	1	int	NO	<NULL>
general_key_pat_user_value_resolver	page_number	2	int	YES	<NULL>
general_key_pat_user_value_resolver	sort	3	int	YES	<NULL>
general_key_pat_user_value_resolver	train_id	4	int	YES	<NULL>
general_key_pat_user_value_resolver	key	5	varchar	YES	<NULL>
general_key_pat_user_value_resolver	time	6	longtext	YES	<NULL>
general_key_pat_user_value_resolver	user_id	7	varchar	YES	<NULL>
general_key_pat_user_value_resolver	value	8	longtext	YES	<NULL>
general_telex_pat	is_cable	1	int	YES	<NULL>
general_telex_pat	pat_type	2	int	YES	<NULL>
general_telex_pat	status	3	int	YES	<NULL>
general_telex_pat	total_number	4	int	YES	<NULL>
general_telex_pat	train_type	5	int	YES	<NULL>
general_telex_pat	type	6	int	YES	<NULL>
general_telex_pat	create_time	7	datetime	YES	<NULL>
general_telex_pat	end_time	8	datetime	YES	<NULL>
general_telex_pat	start_time	9	datetime	YES	<NULL>
general_telex_pat	valid_time	10	bigint	YES	<NULL>
general_telex_pat	create_user	11	varchar	YES	<NULL>
general_telex_pat	id	12	varchar	NO	<NULL>
general_telex_pat	rule_content	13	varchar	YES	<NULL>
general_telex_pat	rule_id	14	varchar	YES	<NULL>
general_telex_pat	title	15	varchar	YES	<NULL>
general_telex_pat_page	page_number	1	int	YES	<NULL>
general_telex_pat_page	sort	2	int	YES	<NULL>
general_telex_pat_page	id	3	varchar	NO	<NULL>
general_telex_pat_page	key	4	varchar	YES	<NULL>
general_telex_pat_page	train_id	5	varchar	YES	<NULL>
general_telex_pat_page	value	6	varchar	YES	<NULL>
general_telex_pat_user	accuracy	1	decimal	YES	<NULL>
general_telex_pat_user	error_number	2	int	YES	<NULL>
general_telex_pat_user	is_finish	3	int	YES	<NULL>
general_telex_pat_user	role	4	int	YES	<NULL>
general_telex_pat_user	score	5	decimal	YES	<NULL>
general_telex_pat_user	speed	6	decimal	YES	<NULL>
general_telex_pat_user	valid_time	7	int	YES	<NULL>
general_telex_pat_user	create_time	8	datetime	YES	<NULL>
general_telex_pat_user	finish_time	9	datetime	YES	<NULL>
general_telex_pat_user	deduct_info	10	varchar	YES	<NULL>
general_telex_pat_user	duration	11	varchar	YES	<NULL>
general_telex_pat_user	id	12	varchar	NO	<NULL>
general_telex_pat_user	speed_log	13	varchar	YES	<NULL>
general_telex_pat_user	statistic_info	14	varchar	YES	<NULL>
general_telex_pat_user	train_id	15	varchar	YES	<NULL>
general_telex_pat_user	user_id	16	varchar	YES	<NULL>
general_telex_pat_user	valid_time_log	17	varchar	YES	<NULL>
general_telex_pat_user_value	page_number	1	int	YES	<NULL>
general_telex_pat_user_value	sort	2	int	YES	<NULL>
general_telex_pat_user_value	id	3	varchar	NO	<NULL>
general_telex_pat_user_value	key	4	varchar	YES	<NULL>
general_telex_pat_user_value	train_id	5	varchar	YES	<NULL>
general_telex_pat_user_value	user_id	6	varchar	YES	<NULL>
general_telex_pat_user_value	value	7	varchar	YES	<NULL>
general_ticker_pat	code_sort	1	int	YES	<NULL>
general_ticker_pat	id	2	int	NO	<NULL>
general_ticker_pat	is_average	3	int	YES	<NULL>
general_ticker_pat	is_cable	4	int	YES	<NULL>
general_ticker_pat	is_random	5	int	YES	<NULL>
general_ticker_pat	message_number	6	int	YES	<NULL>
general_ticker_pat	protocol_version	7	int	NO	<NULL>
general_ticker_pat	rule_score	8	int	YES	<NULL>
general_ticker_pat	status	9	int	YES	<NULL>
general_ticker_pat	train_type	10	int	YES	<NULL>
general_ticker_pat	type	11	int	YES	<NULL>
general_ticker_pat	create_time	12	datetime	YES	<NULL>
general_ticker_pat	end_time	13	datetime	YES	<NULL>
general_ticker_pat	start_time	14	datetime	YES	<NULL>
general_ticker_pat	valid_time	15	bigint	YES	<NULL>
general_ticker_pat	create_user	16	varchar	YES	<NULL>
general_ticker_pat	name	17	varchar	YES	<NULL>
general_ticker_pat	rule_content	18	longtext	YES	<NULL>
general_ticker_pat	rule_id	19	varchar	YES	<NULL>
general_ticker_pat_train_page	floor_number	1	int	YES	<NULL>
general_ticker_pat_train_page	sort	2	int	YES	<NULL>
general_ticker_pat_train_page	train_id	3	int	YES	<NULL>
general_ticker_pat_train_page	id	4	varchar	NO	<NULL>
general_ticker_pat_train_page	mores_key	5	varchar	YES	<NULL>
general_ticker_pat_train_page	mores_time	6	varchar	YES	<NULL>
general_ticker_pat_train_page	mores_value	7	varchar	YES	<NULL>
general_ticker_pat_train_page	pat_keys	8	varchar	YES	<NULL>
general_ticker_pat_train_user	attempt	1	int	NO	<NULL>
general_ticker_pat_train_user	error_number	2	int	YES	<NULL>
general_ticker_pat_train_user	id	3	int	NO	<NULL>
general_ticker_pat_train_user	is_finish	4	int	YES	<NULL>
general_ticker_pat_train_user	lack	5	int	YES	<NULL>
general_ticker_pat_train_user	role	6	int	YES	<NULL>
general_ticker_pat_train_user	score	7	decimal	YES	<NULL>
general_ticker_pat_train_user	train_id	8	int	YES	<NULL>
general_ticker_pat_train_user	active_millis	9	bigint	YES	<NULL>
general_ticker_pat_train_user	capture_started_at	10	datetime	YES	<NULL>
general_ticker_pat_train_user	create_time	11	datetime	YES	<NULL>
general_ticker_pat_train_user	finish_time	12	datetime	YES	<NULL>
general_ticker_pat_train_user	accuracy	13	varchar	YES	<NULL>
general_ticker_pat_train_user	deduct_info	14	longtext	YES	<NULL>
general_ticker_pat_train_user	speed	15	varchar	YES	<NULL>
general_ticker_pat_train_user	speed_log	16	varchar	YES	<NULL>
general_ticker_pat_train_user	statistic_info	17	longtext	YES	<NULL>
general_ticker_pat_train_user	user_id	18	varchar	YES	<NULL>
general_ticker_pat_train_user_value	attempt	1	int	YES	<NULL>
general_ticker_pat_train_user_value	floor_number	2	int	YES	<NULL>
general_ticker_pat_train_user_value	id	3	int	NO	<NULL>
general_ticker_pat_train_user_value	train_id	4	int	YES	<NULL>
general_ticker_pat_train_user_value	received_at	5	datetime	YES	<NULL>
general_ticker_pat_train_user_value	capture_intervals	6	longtext	YES	<NULL>
general_ticker_pat_train_user_value	finish_info	7	longtext	YES	<NULL>
general_ticker_pat_train_user_value	message_body	8	longtext	YES	<NULL>
general_ticker_pat_train_user_value	resolver	9	longtext	YES	<NULL>
general_ticker_pat_train_user_value	standard	10	longtext	YES	<NULL>
general_ticker_pat_train_user_value	user_id	11	varchar	YES	<NULL>
group_net_train	device_id	1	int	YES	<NULL>
group_net_train	device_type	2	int	YES	<NULL>
group_net_train	id	3	int	NO	<NULL>
group_net_train	score	4	decimal	YES	<NULL>
group_net_train	create_time	5	datetime	YES	<NULL>
group_net_train	answer	6	longtext	YES	<NULL>
group_net_train	content	7	longtext	YES	<NULL>
group_net_train	create_user	8	varchar	YES	<NULL>
group_net_train	scoring_rule_content	9	longtext	YES	<NULL>
group_net_train	topic	10	longtext	YES	<NULL>
hand_key_err_log	id	1	int	NO	<NULL>
hand_key_err_log	create_time	2	datetime	YES	<NULL>
hand_key_err_log	exeception_message	3	varchar	YES	<NULL>
hand_key_err_log	param	4	varchar	YES	<NULL>
hand_key_err_log	train_id	5	varchar	YES	<NULL>
hand_key_err_log	user_id	6	varchar	YES	<NULL>
simulation_router_room	id	1	int	NO	<NULL>
simulation_router_room	is_cable	2	int	YES	<NULL>
simulation_router_room	is_start_sign	3	int	YES	<NULL>
simulation_router_room	play_status	4	int	YES	<NULL>
simulation_router_room	room_type	5	int	YES	<NULL>
simulation_router_room	stats	6	int	YES	<NULL>
simulation_router_room	total_time	7	int	YES	<NULL>
simulation_router_room	create_time	8	datetime	YES	<NULL>
simulation_router_room	start_time	9	datetime	YES	<NULL>
simulation_router_room	create_user_id	10	varchar	YES	<NULL>
simulation_router_room	name	11	varchar	YES	<NULL>
simulation_router_room	setting	12	varchar	YES	<NULL>
simulation_router_room_content	bd_type	1	int	YES	<NULL>
simulation_router_room_content	bw_count	2	int	YES	<NULL>
simulation_router_room_content	bw_type	3	int	YES	<NULL>
simulation_router_room_content	id	4	int	NO	<NULL>
simulation_router_room_content	is_random	5	int	YES	<NULL>
simulation_router_room_content	room_id	6	int	YES	<NULL>
simulation_router_room_content	content	7	varchar	YES	<NULL>
simulation_router_room_content	interference_signal	8	varchar	YES	<NULL>
simulation_router_room_content	main_signal	9	varchar	YES	<NULL>
simulation_router_room_page	page_number	1	int	NO	<NULL>
simulation_router_room_page	room_id	2	int	NO	<NULL>
simulation_router_room_page	sort	3	int	NO	<NULL>
simulation_router_room_page	id	4	varchar	NO	<NULL>
simulation_router_room_page	key	5	varchar	YES	<NULL>
simulation_router_room_page_value	id	1	int	NO	<NULL>
simulation_router_room_page_value	page_number	2	int	NO	<NULL>
simulation_router_room_page_value	room_id	3	int	NO	<NULL>
simulation_router_room_page_value	user_id	4	varchar	NO	<NULL>
simulation_router_room_page_value	value	5	longtext	YES	<NULL>
simulation_router_room_user	channel	1	int	YES	<NULL>
simulation_router_room_user	id	2	int	NO	<NULL>
simulation_router_room_user	room_id	3	int	YES	<NULL>
simulation_router_room_user	user_status	4	int	YES	<NULL>
simulation_router_room_user	user_type	5	int	YES	<NULL>
simulation_router_room_user	content_value	6	varchar	YES	<NULL>
simulation_router_room_user	user_id	7	varchar	YES	<NULL>
t_cable	code_count	1	int	YES	<NULL>
t_cable	code_sort	2	int	YES	<NULL>
t_cable	code_type	3	int	YES	<NULL>
t_cable	floor_count	4	int	YES	<NULL>
t_cable	group_count	5	int	YES	<NULL>
t_cable	scope	6	int	YES	<NULL>
t_cable	create_time	7	datetime	YES	<NULL>
t_cable	id	8	varchar	NO	<NULL>
t_cable	remark	9	varchar	YES	<NULL>
t_cable	title	10	varchar	YES	<NULL>
t_cable	type_id	11	varchar	YES	<NULL>
t_cable	type_title	12	varchar	YES	<NULL>
t_cable_floor	floor_number	1	int	YES	<NULL>
t_cable_floor	sort	2	int	YES	<NULL>
t_cable_floor	cable_id	3	varchar	YES	<NULL>
t_cable_floor	id	4	varchar	NO	<NULL>
t_cable_floor	mores_key	5	varchar	YES	<NULL>
t_cable_floor	type_id	6	varchar	YES	<NULL>
t_cable_type	id	1	varchar	NO	<NULL>
t_cable_type	title	2	varchar	YES	<NULL>
t_device	device_type_id	1	int	YES	<NULL>
t_device	id	2	int	NO	<NULL>
t_device	create_time	3	datetime	YES	<NULL>
t_device	device_img	4	varchar	YES	<NULL>
t_device	device_name	5	varchar	YES	<NULL>
t_device	device_number	6	varchar	YES	<NULL>
t_device	user_id	7	varchar	YES	<NULL>
t_device_description	device_id	1	int	YES	<NULL>
t_device_description	id	2	int	NO	<NULL>
t_device_description	create_time	3	datetime	YES	<NULL>
t_device_description	content	4	varchar	YES	<NULL>
t_device_description	title	5	varchar	YES	<NULL>
t_device_description	user_id	6	varchar	YES	<NULL>
t_device_type	id	1	int	NO	<NULL>
t_device_type	create_time	2	datetime	YES	<NULL>
t_device_type	type_name	3	varchar	YES	<NULL>
t_device_type	user_id	4	varchar	YES	<NULL>
t_entering_exercise	accuracy	1	double	YES	<NULL>
t_entering_exercise	correct_num	2	int	YES	<NULL>
t_entering_exercise	duration	3	int	YES	<NULL>
t_entering_exercise	error_num	4	int	YES	<NULL>
t_entering_exercise	speed	5	int	YES	<NULL>
t_entering_exercise	status	6	int	YES	<NULL>
t_entering_exercise	type	7	int	YES	<NULL>
t_entering_exercise	create_time	8	datetime	YES	<NULL>
t_entering_exercise	end_time	9	datetime	YES	<NULL>
t_entering_exercise	start_time	10	datetime	YES	<NULL>
t_entering_exercise	content	11	varchar	YES	<NULL>
t_entering_exercise	create_user_id	12	varchar	YES	<NULL>
t_entering_exercise	id	13	varchar	NO	<NULL>
t_entering_exercise	name	14	varchar	YES	<NULL>
t_entering_exercise_word_stock	id	1	int	NO	<NULL>
t_entering_exercise_word_stock	type	2	int	YES	<NULL>
t_entering_exercise_word_stock	content	3	varchar	YES	<NULL>
t_entering_key_points	type	1	int	YES	<NULL>
t_entering_key_points	content	2	varchar	YES	<NULL>
t_entering_key_points	id	3	varchar	NO	<NULL>
t_entering_statistical	avg_speed	1	decimal	YES	<NULL>
t_entering_statistical	child_type	2	int	YES	<NULL>
t_entering_statistical	total_count	3	int	YES	<NULL>
t_entering_statistical	type	4	int	YES	<NULL>
t_entering_statistical	id	5	varchar	NO	<NULL>
t_entering_statistical	total_time	6	varchar	YES	<NULL>
t_entering_statistical	user_id	7	varchar	YES	<NULL>
t_entering_telex_pat	total_error	1	int	YES	<NULL>
t_entering_telex_pat	total_num	2	int	YES	<NULL>
t_entering_telex_pat	total_time	3	int	YES	<NULL>
t_entering_telex_pat	type	4	int	YES	<NULL>
t_entering_telex_pat	create_time	5	datetime	YES	<NULL>
t_entering_telex_pat	create_user_id	6	varchar	YES	<NULL>
t_entering_telex_pat	id	7	varchar	NO	<NULL>
t_entering_telex_pat	message_name	8	varchar	YES	<NULL>
t_equipment_device	is_enable	1	int	NO	<NULL>
t_equipment_device	create_time	2	datetime	YES	<NULL>
t_equipment_device	device_id	3	varchar	YES	<NULL>
t_equipment_device	id	4	varchar	NO	<NULL>
t_equipment_device	image	5	varchar	YES	<NULL>
t_equipment_device	key_points	6	varchar	YES	<NULL>
t_equipment_device	name	7	varchar	YES	<NULL>
t_equipment_device	option	8	varchar	YES	<NULL>
t_equipment_train	train_status	1	int	YES	<NULL>
t_equipment_train	train_type	2	int	YES	<NULL>
t_equipment_train	train_time	3	datetime	YES	<NULL>
t_equipment_train	content	4	varchar	YES	<NULL>
t_equipment_train	device_id	5	varchar	YES	<NULL>
t_equipment_train	device_name	6	varchar	YES	<NULL>
t_equipment_train	id	7	varchar	NO	<NULL>
t_equipment_train	train_name	8	varchar	YES	<NULL>
t_equipment_train	user_id	9	varchar	YES	<NULL>
t_general_group_net_rule	id	1	int	NO	<NULL>
t_general_group_net_rule	create_time	2	datetime	YES	<NULL>
t_general_group_net_rule	code	3	varchar	YES	<NULL>
t_general_group_net_rule	device	4	varchar	YES	<NULL>
t_general_group_net_rule	xy_score	5	varchar	YES	<NULL>
t_grading_rule	is_default	1	int	YES	<NULL>
t_grading_rule	score	2	int	YES	<NULL>
t_grading_rule	status	3	int	YES	<NULL>
t_grading_rule	type	4	int	YES	<NULL>
t_grading_rule	content	5	longtext	YES	<NULL>
t_grading_rule	id	6	varchar	NO	<NULL>
t_grading_rule	title	7	varchar	YES	<NULL>
t_key_points	type	1	int	YES	<NULL>
t_key_points	content	2	varchar	YES	<NULL>
t_key_points	id	3	varchar	NO	<NULL>
t_masthead	content	1	varchar	YES	<NULL>
t_masthead	id	2	varchar	NO	<NULL>
t_masthead	train_id	3	varchar	YES	<NULL>
t_menus	is_bread	1	int	YES	<NULL>
t_menus	is_menu	2	int	YES	<NULL>
t_menus	keep_alive	3	int	YES	<NULL>
t_menus	sort	4	int	YES	<NULL>
t_menus	component	5	varchar	YES	<NULL>
t_menus	height	6	varchar	YES	<NULL>
t_menus	icon	7	varchar	YES	<NULL>
t_menus	icon_f	8	varchar	YES	<NULL>
t_menus	id	9	varchar	NO	<NULL>
t_menus	key	10	varchar	YES	<NULL>
t_menus	name	11	varchar	YES	<NULL>
t_menus	parent_id	12	varchar	YES	<NULL>
t_menus	path	13	varchar	YES	<NULL>
t_menus	title	14	varchar	YES	<NULL>
t_menus_button	id	1	varchar	NO	<NULL>
t_menus_button	key	2	varchar	YES	<NULL>
t_menus_button	menus_id	3	varchar	YES	<NULL>
t_menus_button	title	4	varchar	YES	<NULL>
t_military_term_data	sort	1	int	YES	<NULL>
t_military_term_data	id	2	varchar	NO	<NULL>
t_military_term_data	key	3	varchar	YES	<NULL>
t_military_term_data	parent_id	4	varchar	YES	<NULL>
t_military_term_data	value	5	varchar	YES	<NULL>
t_post_entering_exercise	accuracy	1	double	YES	<NULL>
t_post_entering_exercise	correct_num	2	int	YES	<NULL>
t_post_entering_exercise	duration	3	int	YES	<NULL>
t_post_entering_exercise	error_num	4	int	YES	<NULL>
t_post_entering_exercise	speed	5	int	YES	<NULL>
t_post_entering_exercise	status	6	int	YES	<NULL>
t_post_entering_exercise	type	7	int	YES	<NULL>
t_post_entering_exercise	create_time	8	datetime	YES	<NULL>
t_post_entering_exercise	end_time	9	datetime	YES	<NULL>
t_post_entering_exercise	start_time	10	datetime	YES	<NULL>
t_post_entering_exercise	content	11	varchar	YES	<NULL>
t_post_entering_exercise	create_user_id	12	varchar	YES	<NULL>
t_post_entering_exercise	id	13	varchar	NO	<NULL>
t_post_entering_exercise	name	14	varchar	YES	<NULL>
t_post_entering_exercise_word_stock	id	1	int	NO	<NULL>
t_post_entering_exercise_word_stock	type	2	int	YES	<NULL>
t_post_entering_exercise_word_stock	word_size	3	int	YES	<NULL>
t_post_entering_exercise_word_stock	create_time	4	datetime	YES	<NULL>
t_post_entering_exercise_word_stock	content	5	varchar	YES	<NULL>
t_post_entering_exercise_word_stock	create_user_id	6	varchar	YES	<NULL>
t_post_entering_exercise_word_stock	name	7	varchar	YES	<NULL>
t_post_military_term_train	accuracy	1	decimal	YES	<NULL>
t_post_military_term_train	correct_number	2	int	YES	<NULL>
t_post_military_term_train	duration	3	int	YES	<NULL>
t_post_military_term_train	error_number	4	int	YES	<NULL>
t_post_military_term_train	score	5	decimal	YES	<NULL>
t_post_military_term_train	status	6	int	YES	<NULL>
t_post_military_term_train	total_number	7	int	YES	<NULL>
t_post_military_term_train	create_time	8	datetime	YES	<NULL>
t_post_military_term_train	end_time	9	datetime	YES	<NULL>
t_post_military_term_train	start_time	10	datetime	YES	<NULL>
t_post_military_term_train	id	11	varchar	NO	<NULL>
t_post_military_term_train	name	12	varchar	YES	<NULL>
t_post_military_term_train	types	13	varchar	YES	<NULL>
t_post_military_term_train	user_id	14	varchar	YES	<NULL>
t_post_military_term_train_test_paper	correct_answer	1	varchar	YES	<NULL>
t_post_military_term_train_test_paper	id	2	varchar	NO	<NULL>
t_post_military_term_train_test_paper	option	3	varchar	YES	<NULL>
t_post_military_term_train_test_paper	title	4	varchar	YES	<NULL>
t_post_military_term_train_test_paper	train_id	5	varchar	YES	<NULL>
t_post_military_term_train_test_paper	user_answer	6	varchar	YES	<NULL>
t_post_radiotelephone_term_data	id	1	int	NO	<NULL>
t_post_radiotelephone_term_data	sort	2	int	YES	<NULL>
t_post_radiotelephone_term_data	type	3	int	YES	<NULL>
t_post_radiotelephone_term_data	key	4	varchar	YES	<NULL>
t_post_radiotelephone_term_data	value	5	varchar	YES	<NULL>
t_post_radiotelephone_train	accuracy	1	decimal	YES	<NULL>
t_post_radiotelephone_train	duration	2	int	YES	<NULL>
t_post_radiotelephone_train	error_number	3	int	YES	<NULL>
t_post_radiotelephone_train	number	4	int	YES	<NULL>
t_post_radiotelephone_train	pass_number	5	int	YES	<NULL>
t_post_radiotelephone_train	score	6	decimal	YES	<NULL>
t_post_radiotelephone_train	speed	7	decimal	YES	<NULL>
t_post_radiotelephone_train	status	8	int	YES	<NULL>
t_post_radiotelephone_train	train_type	9	int	YES	<NULL>
t_post_radiotelephone_train	type	10	int	YES	<NULL>
t_post_radiotelephone_train	create_time	11	datetime	YES	<NULL>
t_post_radiotelephone_train	end_time	12	datetime	YES	<NULL>
t_post_radiotelephone_train	start_time	13	datetime	YES	<NULL>
t_post_radiotelephone_train	content	14	varchar	YES	<NULL>
t_post_radiotelephone_train	disturb	15	varchar	YES	<NULL>
t_post_radiotelephone_train	id	16	varchar	NO	<NULL>
t_post_radiotelephone_train	name	17	varchar	YES	<NULL>
t_post_radiotelephone_train	user_id	18	varchar	YES	<NULL>
t_post_telegram_train	attempt	1	int	YES	<NULL>
t_post_telegram_train	code_sort	2	int	YES	<NULL>
t_post_telegram_train	error_number	3	int	YES	<NULL>
t_post_telegram_train	floor_now	4	int	YES	<NULL>
t_post_telegram_train	full_score	5	int	YES	<NULL>
t_post_telegram_train	is_average	6	int	YES	<NULL>
t_post_telegram_train	is_cable	7	int	YES	<NULL>
t_post_telegram_train	is_random	8	int	YES	<NULL>
t_post_telegram_train	lack	9	int	YES	<NULL>
t_post_telegram_train	message_number	10	int	YES	<NULL>
t_post_telegram_train	protocol_version	11	int	YES	<NULL>
t_post_telegram_train	status	12	int	YES	<NULL>
t_post_telegram_train	type	13	int	YES	<NULL>
t_post_telegram_train	active_millis	14	bigint	YES	<NULL>
t_post_telegram_train	create_time	15	datetime	YES	<NULL>
t_post_telegram_train	end_time	16	datetime	YES	<NULL>
t_post_telegram_train	start_time	17	datetime	YES	<NULL>
t_post_telegram_train	valid_time	18	bigint	YES	<NULL>
t_post_telegram_train	accuracy	19	varchar	YES	<NULL>
t_post_telegram_train	create_user	20	varchar	YES	<NULL>
t_post_telegram_train	deduct_info	21	longtext	YES	<NULL>
t_post_telegram_train	finish_info	22	varchar	YES	<NULL>
t_post_telegram_train	id	23	varchar	NO	<NULL>
t_post_telegram_train	name	24	varchar	YES	<NULL>
t_post_telegram_train	rule_content	25	longtext	YES	<NULL>
t_post_telegram_train	rule_id	26	varchar	YES	<NULL>
t_post_telegram_train	score	27	varchar	YES	<NULL>
t_post_telegram_train	speed	28	varchar	YES	<NULL>
t_post_telegram_train	speed_log	29	varchar	YES	<NULL>
t_post_telegram_train	statistic_info	30	longtext	YES	<NULL>
t_post_telegram_train_content_value	floor_number	1	int	YES	<NULL>
t_post_telegram_train_content_value	id	2	varchar	NO	<NULL>
t_post_telegram_train_content_value	message_body	3	varchar	YES	<NULL>
t_post_telegram_train_content_value	train_id	4	varchar	YES	<NULL>
t_post_telegram_train_floor_content	floor_number	1	int	YES	<NULL>
t_post_telegram_train_floor_content	sort	2	int	YES	<NULL>
t_post_telegram_train_floor_content	id	3	varchar	NO	<NULL>
t_post_telegram_train_floor_content	mores_key	4	varchar	YES	<NULL>
t_post_telegram_train_floor_content	mores_time	5	varchar	YES	<NULL>
t_post_telegram_train_floor_content	mores_value	6	varchar	YES	<NULL>
t_post_telegram_train_floor_content	pat_keys	7	varchar	YES	<NULL>
t_post_telegram_train_floor_content	train_id	8	varchar	YES	<NULL>
t_post_telegram_train_floor_content_value	attempt	1	int	YES	<NULL>
t_post_telegram_train_floor_content_value	floor_number	2	int	YES	<NULL>
t_post_telegram_train_floor_content_value	received_at	3	datetime	YES	<NULL>
t_post_telegram_train_floor_content_value	capture_intervals	4	longtext	YES	<NULL>
t_post_telegram_train_floor_content_value	finish_info	5	longtext	YES	<NULL>
t_post_telegram_train_floor_content_value	id	6	varchar	NO	<NULL>
t_post_telegram_train_floor_content_value	message_body	7	longtext	YES	<NULL>
t_post_telegram_train_floor_content_value	resolver	8	longtext	YES	<NULL>
t_post_telegram_train_floor_content_value	standard	9	longtext	YES	<NULL>
t_post_telegram_train_floor_content_value	train_id	10	varchar	YES	<NULL>
t_post_telegraph_key_pat_train	accuracy	1	double	NO	<NULL>
t_post_telegraph_key_pat_train	attempt	2	int	NO	<NULL>
t_post_telegraph_key_pat_train	error_number	3	int	YES	<NULL>
t_post_telegraph_key_pat_train	full_score	4	decimal	YES	<NULL>
t_post_telegraph_key_pat_train	is_cable	5	int	YES	<NULL>
t_post_telegraph_key_pat_train	message_type	6	int	YES	<NULL>
t_post_telegraph_key_pat_train	protocol_version	7	int	NO	<NULL>
t_post_telegraph_key_pat_train	score	8	decimal	YES	<NULL>
t_post_telegraph_key_pat_train	status	9	int	YES	<NULL>
t_post_telegraph_key_pat_train	total_number	10	int	YES	<NULL>
t_post_telegraph_key_pat_train	begin_time	11	datetime	YES	<NULL>
t_post_telegraph_key_pat_train	create_time	12	datetime	YES	<NULL>
t_post_telegraph_key_pat_train	end_time	13	datetime	YES	<NULL>
t_post_telegraph_key_pat_train	content	14	varchar	YES	<NULL>
t_post_telegraph_key_pat_train	create_user_id	15	varchar	YES	<NULL>
t_post_telegraph_key_pat_train	deduct_info	16	longtext	YES	<NULL>
t_post_telegraph_key_pat_train	duration	17	varchar	YES	<NULL>
t_post_telegraph_key_pat_train	id	18	varchar	NO	<NULL>
t_post_telegraph_key_pat_train	rule_content	19	longtext	YES	<NULL>
t_post_telegraph_key_pat_train	rule_id	20	varchar	YES	<NULL>
t_post_telegraph_key_pat_train	speed	21	varchar	YES	<NULL>
t_post_telegraph_key_pat_train	title	22	varchar	YES	<NULL>
t_post_telegraph_key_pat_train_more	page_number	1	int	YES	<NULL>
t_post_telegraph_key_pat_train_more	id	2	varchar	NO	<NULL>
t_post_telegraph_key_pat_train_more	more_group	3	varchar	YES	<NULL>
t_post_telegraph_key_pat_train_more	more_line	4	varchar	YES	<NULL>
t_post_telegraph_key_pat_train_more	train_id	5	varchar	YES	<NULL>
t_post_telegraph_key_pat_train_more	user_id	6	varchar	YES	<NULL>
t_post_telegraph_key_pat_train_page	page_number	1	int	YES	<NULL>
t_post_telegraph_key_pat_train_page	sort	2	int	YES	<NULL>
t_post_telegraph_key_pat_train_page	id	3	varchar	NO	<NULL>
t_post_telegraph_key_pat_train_page	key	4	longtext	YES	<NULL>
t_post_telegraph_key_pat_train_page	time	5	longtext	YES	<NULL>
t_post_telegraph_key_pat_train_page	train_id	6	varchar	YES	<NULL>
t_post_telegraph_key_pat_train_page	value	7	longtext	YES	<NULL>
t_post_telegraph_key_pat_train_page_value	page_number	1	int	YES	<NULL>
t_post_telegraph_key_pat_train_page_value	sort	2	int	YES	<NULL>
t_post_telegraph_key_pat_train_page_value	id	3	varchar	NO	<NULL>
t_post_telegraph_key_pat_train_page_value	key	4	longtext	YES	<NULL>
t_post_telegraph_key_pat_train_page_value	time	5	longtext	YES	<NULL>
t_post_telegraph_key_pat_train_page_value	train_id	6	varchar	YES	<NULL>
t_post_telegraph_key_pat_train_page_value	value	7	longtext	YES	<NULL>
t_post_telegraph_key_pat_train_raw_page	attempt	1	int	NO	<NULL>
t_post_telegraph_key_pat_train_raw_page	page_number	2	int	NO	<NULL>
t_post_telegraph_key_pat_train_raw_page	received_at	3	datetime	NO	<NULL>
t_post_telegraph_key_pat_train_raw_page	capture_intervals	4	longtext	NO	<NULL>
t_post_telegraph_key_pat_train_raw_page	id	5	varchar	NO	<NULL>
t_post_telegraph_key_pat_train_raw_page	train_id	6	varchar	NO	<NULL>
t_post_telegraph_key_pat_train_raw_page	value	7	longtext	NO	<NULL>
t_post_telex_pat_train	attempt	1	int	NO	<NULL>
t_post_telex_pat_train	change	2	int	YES	<NULL>
t_post_telex_pat_train	countdown_seconds	3	int	YES	<NULL>
t_post_telex_pat_train	error_number	4	int	YES	<NULL>
t_post_telex_pat_train	group_number	5	int	YES	<NULL>
t_post_telex_pat_train	is_cable	6	int	YES	<NULL>
t_post_telex_pat_train	pat_type	7	int	YES	<NULL>
t_post_telex_pat_train	protocol_version	8	int	NO	<NULL>
t_post_telex_pat_train	status	9	int	YES	<NULL>
t_post_telex_pat_train	train_type	10	int	YES	<NULL>
t_post_telex_pat_train	type	11	int	YES	<NULL>
t_post_telex_pat_train	valid_time	12	int	YES	<NULL>
t_post_telex_pat_train	create_time	13	datetime	YES	<NULL>
t_post_telex_pat_train	deadline	14	datetime	YES	<NULL>
t_post_telex_pat_train	end_time	15	datetime	YES	<NULL>
t_post_telex_pat_train	paused_at	16	datetime	YES	<NULL>
t_post_telex_pat_train	start_time	17	datetime	YES	<NULL>
t_post_telex_pat_train	accuracy	18	varchar	YES	<NULL>
t_post_telex_pat_train	content	19	text	YES	<NULL>
t_post_telex_pat_train	create_user	20	varchar	YES	<NULL>
t_post_telex_pat_train	deduct_info	21	longtext	YES	<NULL>
t_post_telex_pat_train	id	22	varchar	NO	<NULL>
t_post_telex_pat_train	name	23	varchar	YES	<NULL>
t_post_telex_pat_train	pause_intervals	24	longtext	YES	<NULL>
t_post_telex_pat_train	rule_content	25	longtext	YES	<NULL>
t_post_telex_pat_train	rule_id	26	varchar	YES	<NULL>
t_post_telex_pat_train	score	27	varchar	YES	<NULL>
t_post_telex_pat_train	speed	28	varchar	YES	<NULL>
t_post_telex_pat_train	speed_log	29	varchar	YES	<NULL>
t_post_telex_pat_train	total_speed	30	varchar	YES	<NULL>
t_post_telex_pat_train	valid_time_log	31	varchar	YES	<NULL>
t_post_telex_pat_train_page	page_number	1	int	YES	<NULL>
t_post_telex_pat_train_page	sort	2	int	YES	<NULL>
t_post_telex_pat_train_page	id	3	varchar	NO	<NULL>
t_post_telex_pat_train_page	key	4	varchar	YES	<NULL>
t_post_telex_pat_train_page	train_id	5	varchar	YES	<NULL>
t_post_telex_pat_train_page	value	6	varchar	YES	<NULL>
t_post_telex_pat_train_page_value	attempt	1	int	YES	<NULL>
t_post_telex_pat_train_page_value	page_number	2	int	YES	<NULL>
t_post_telex_pat_train_page_value	received_at	3	datetime	YES	<NULL>
t_post_telex_pat_train_page_value	capture_intervals	4	longtext	YES	<NULL>
t_post_telex_pat_train_page_value	id	5	varchar	NO	<NULL>
t_post_telex_pat_train_page_value	pat_value	6	longtext	YES	<NULL>
t_post_telex_pat_train_page_value	train_id	7	varchar	YES	<NULL>
t_post_ticker_tape_train	code_short	1	int	YES	<NULL>
t_post_ticker_tape_train	error_code	2	int	YES	<NULL>
t_post_ticker_tape_train	is_avg	3	int	YES	<NULL>
t_post_ticker_tape_train	is_cable	4	int	YES	<NULL>
t_post_ticker_tape_train	is_random	5	int	YES	<NULL>
t_post_ticker_tape_train	is_start_sign	6	int	YES	<NULL>
t_post_ticker_tape_train	lack_code	7	int	YES	<NULL>
t_post_ticker_tape_train	lack_group	8	int	YES	<NULL>
t_post_ticker_tape_train	message_number	9	int	YES	<NULL>
t_post_ticker_tape_train	more_code	10	int	YES	<NULL>
t_post_ticker_tape_train	more_group	11	int	YES	<NULL>
t_post_ticker_tape_train	rate	12	int	YES	<NULL>
t_post_ticker_tape_train	ratio	13	int	YES	<NULL>
t_post_ticker_tape_train	status	14	int	YES	<NULL>
t_post_ticker_tape_train	total_number	15	int	YES	<NULL>
t_post_ticker_tape_train	type	16	int	YES	<NULL>
t_post_ticker_tape_train	create_time	17	datetime	YES	<NULL>
t_post_ticker_tape_train	end_time	18	datetime	YES	<NULL>
t_post_ticker_tape_train	start_time	19	datetime	YES	<NULL>
t_post_ticker_tape_train	code_message_body	20	varchar	YES	<NULL>
t_post_ticker_tape_train	disturb	21	varchar	YES	<NULL>
t_post_ticker_tape_train	id	22	varchar	NO	<NULL>
t_post_ticker_tape_train	images	23	varchar	YES	<NULL>
t_post_ticker_tape_train	name	24	varchar	YES	<NULL>
t_post_ticker_tape_train	result	25	varchar	YES	<NULL>
t_post_ticker_tape_train	score	26	varchar	YES	<NULL>
t_post_ticker_tape_train	user_id	27	varchar	YES	<NULL>
t_post_ticker_tape_train	valid_time	28	varchar	YES	<NULL>
t_post_ticker_tape_train_page	page_number	1	int	YES	<NULL>
t_post_ticker_tape_train_page	sort	2	int	YES	<NULL>
t_post_ticker_tape_train_page	id	3	varchar	NO	<NULL>
t_post_ticker_tape_train_page	key	4	varchar	YES	<NULL>
t_post_ticker_tape_train_page	train_id	5	varchar	YES	<NULL>
t_post_ticker_tape_train_page	value	6	varchar	YES	<NULL>
t_post_ticker_tape_train_page_value	page_number	1	int	YES	<NULL>
t_post_ticker_tape_train_page_value	id	2	varchar	NO	<NULL>
t_post_ticker_tape_train_page_value	image	3	varchar	YES	<NULL>
t_post_ticker_tape_train_page_value	train_id	4	varchar	YES	<NULL>
t_post_ticker_tape_train_page_value	value	5	varchar	YES	<NULL>
t_post_ticker_tape_train_setting	dot	1	int	YES	<NULL>
t_post_ticker_tape_train_setting	rate	2	int	YES	<NULL>
t_post_ticker_tape_train_setting	create_time	3	datetime	YES	<NULL>
t_post_ticker_tape_train_setting	id	4	varchar	NO	<NULL>
t_post_ticker_tape_train_setting	text	5	varchar	YES	<NULL>
t_post_ticker_tape_train_setting	type	6	varchar	YES	<NULL>
t_post_train_global_rule	id	1	int	NO	<NULL>
t_post_train_global_rule	type	2	int	YES	<NULL>
t_post_train_global_rule	create_time	3	datetime	YES	<NULL>
t_post_train_global_rule	accuracy	4	varchar	YES	<NULL>
t_post_train_global_rule	description	5	varchar	YES	<NULL>
t_post_train_global_rule	level	6	varchar	YES	<NULL>
t_radiotelephone_train	total_count	1	int	YES	<NULL>
t_radiotelephone_train	type	2	int	YES	<NULL>
t_radiotelephone_train	id	3	varchar	NO	<NULL>
t_radiotelephone_train	total_time	4	varchar	YES	<NULL>
t_radiotelephone_train	user_id	5	varchar	YES	<NULL>
t_receive_key_points	type	1	int	YES	<NULL>
t_receive_key_points	content	2	varchar	YES	<NULL>
t_receive_key_points	id	3	varchar	NO	<NULL>
t_role	is_admin	1	int	YES	<NULL>
t_role	is_default	2	int	YES	<NULL>
t_role	id	3	varchar	NO	<NULL>
t_role	remark	4	varchar	YES	<NULL>
t_role	title	5	varchar	YES	<NULL>
t_role_menus	id	1	varchar	NO	<NULL>
t_role_menus	menu_id	2	varchar	YES	<NULL>
t_role_menus	per	3	varchar	YES	<NULL>
t_role_menus	role_id	4	varchar	YES	<NULL>
t_setting	code	1	int	YES	<NULL>
t_setting	content	2	varchar	YES	<NULL>
t_setting	id	3	varchar	NO	<NULL>
t_telegram_train	big_interval_max_ms	1	int	YES	<NULL>
t_telegram_train	big_interval_min_ms	2	int	YES	<NULL>
t_telegram_train	error_number	3	int	YES	<NULL>
t_telegram_train	rate_dot_max_ms	4	int	YES	<NULL>
t_telegram_train	rate_dot_min_ms	5	int	YES	<NULL>
t_telegram_train	rate_interval_max_ms	6	int	YES	<NULL>
t_telegram_train	rate_interval_min_ms	7	int	YES	<NULL>
t_telegram_train	rate_line_max_ms	8	int	YES	<NULL>
t_telegram_train	rate_line_min_ms	9	int	YES	<NULL>
t_telegram_train	status	10	int	YES	<NULL>
t_telegram_train	total_knock_number	11	int	YES	<NULL>
t_telegram_train	total_number	12	int	YES	<NULL>
t_telegram_train	type	13	int	YES	<NULL>
t_telegram_train	accuracy	14	varchar	YES	<NULL>
t_telegram_train	create_time	15	varchar	YES	<NULL>
t_telegram_train	create_user_id	16	varchar	YES	<NULL>
t_telegram_train	end_time	17	varchar	YES	<NULL>
t_telegram_train	id	18	varchar	NO	<NULL>
t_telegram_train	now_floor_id	19	varchar	YES	<NULL>
t_telegram_train	pause_time	20	varchar	YES	<NULL>
t_telegram_train	speed	21	varchar	YES	<NULL>
t_telegram_train	start_time	22	varchar	YES	<NULL>
t_telegram_train	sustain_time	23	varchar	YES	<NULL>
t_telegram_train	title	24	varchar	YES	<NULL>
t_telegram_train_floor	content_number	1	int	YES	<NULL>
t_telegram_train_floor	number_type	2	int	YES	<NULL>
t_telegram_train_floor	sort	3	int	YES	<NULL>
t_telegram_train_floor	type	4	int	YES	<NULL>
t_telegram_train_floor	id	5	varchar	NO	<NULL>
t_telegram_train_floor	train_id	6	varchar	YES	<NULL>
t_telegram_train_floor_content	sort	1	int	YES	<NULL>
t_telegram_train_floor_content	floor_id	2	varchar	YES	<NULL>
t_telegram_train_floor_content	id	3	varchar	NO	<NULL>
t_telegram_train_floor_content	mores_key	4	varchar	YES	<NULL>
t_telegram_train_floor_content	mores_time	5	varchar	YES	<NULL>
t_telegram_train_floor_content	mores_value	6	varchar	YES	<NULL>
t_telegram_train_log	type	1	int	YES	<NULL>
t_telegram_train_log	creat_time	2	varchar	YES	<NULL>
t_telegram_train_log	id	3	varchar	NO	<NULL>
t_telegram_train_log	telegram_train_id	4	varchar	YES	<NULL>
t_telegram_train_log	value	5	varchar	YES	<NULL>
t_telegram_train_setting	type	1	int	YES	<NULL>
t_telegram_train_setting	id	2	varchar	NO	<NULL>
t_telegram_train_setting	key	3	varchar	NO	<NULL>
t_telegram_train_setting	value	4	varchar	YES	<NULL>
t_telegram_train_statistical	avg_speed	1	decimal	YES	<NULL>
t_telegram_train_statistical	total_count	2	int	YES	<NULL>
t_telegram_train_statistical	type	3	int	YES	<NULL>
t_telegram_train_statistical	id	4	varchar	NO	<NULL>
t_telegram_train_statistical	total_time	5	varchar	YES	<NULL>
t_telegram_train_statistical	user_id	6	varchar	YES	<NULL>
t_telegram_train_user	id	1	varchar	NO	<NULL>
t_telegram_train_user	train_id	2	varchar	YES	<NULL>
t_telegram_train_user	user_id	3	varchar	YES	<NULL>
t_telegraph_key_pat_synthetical_train	accuracy	1	double	YES	<NULL>
t_telegraph_key_pat_synthetical_train	error_number	2	int	YES	<NULL>
t_telegraph_key_pat_synthetical_train	message_type	3	int	YES	<NULL>
t_telegraph_key_pat_synthetical_train	status	4	int	YES	<NULL>
t_telegraph_key_pat_synthetical_train	total_number	5	int	YES	<NULL>
t_telegraph_key_pat_synthetical_train	create_time	6	datetime	YES	<NULL>
t_telegraph_key_pat_synthetical_train	content	7	varchar	YES	<NULL>
t_telegraph_key_pat_synthetical_train	create_user_id	8	varchar	YES	<NULL>
t_telegraph_key_pat_synthetical_train	duration	9	varchar	YES	<NULL>
t_telegraph_key_pat_synthetical_train	id	10	varchar	NO	<NULL>
t_telegraph_key_pat_synthetical_train	speed	11	varchar	YES	<NULL>
t_telegraph_key_pat_synthetical_train	title	12	varchar	YES	<NULL>
t_telegraph_key_pat_train	total_error	1	int	YES	<NULL>
t_telegraph_key_pat_train	total_num	2	int	YES	<NULL>
t_telegraph_key_pat_train	total_time	3	int	YES	<NULL>
t_telegraph_key_pat_train	type	4	int	YES	<NULL>
t_telegraph_key_pat_train	create_time	5	datetime	YES	<NULL>
t_telegraph_key_pat_train	create_user_id	6	varchar	YES	<NULL>
t_telegraph_key_pat_train	id	7	varchar	NO	<NULL>
t_telegraph_key_train_statistical	avg_speed	1	decimal	YES	<NULL>
t_telegraph_key_train_statistical	total_count	2	int	YES	<NULL>
t_telegraph_key_train_statistical	type	3	int	YES	<NULL>
t_telegraph_key_train_statistical	id	4	varchar	NO	<NULL>
t_telegraph_key_train_statistical	total_time	5	varchar	YES	<NULL>
t_telegraph_key_train_statistical	user_id	6	varchar	YES	<NULL>
t_telex_pat	count	1	int	YES	<NULL>
t_telex_pat	mistake	2	int	YES	<NULL>
t_telex_pat	type	3	int	YES	<NULL>
t_telex_pat	duration	4	bigint	YES	<NULL>
t_telex_pat	id	5	varchar	NO	<NULL>
t_telex_pat	user_id	6	varchar	YES	<NULL>
t_telex_pat_train	accuracy	1	int	YES	<NULL>
t_telex_pat_train	error_number	2	int	YES	<NULL>
t_telex_pat_train	numbs	3	int	YES	<NULL>
t_telex_pat_train	status	4	int	YES	<NULL>
t_telex_pat_train	total_number	5	int	YES	<NULL>
t_telex_pat_train	type	6	int	YES	<NULL>
t_telex_pat_train	content	7	varchar	YES	<NULL>
t_telex_pat_train	create_time	8	varchar	YES	<NULL>
t_telex_pat_train	create_user_id	9	varchar	YES	<NULL>
t_telex_pat_train	duration	10	varchar	YES	<NULL>
t_telex_pat_train	id	11	varchar	NO	<NULL>
t_telex_pat_train	speed	12	varchar	YES	<NULL>
t_telex_pat_train	title	13	varchar	YES	<NULL>
t_telex_pat_train_statistical	avg_speed	1	decimal	YES	<NULL>
t_telex_pat_train_statistical	total_count	2	int	YES	<NULL>
t_telex_pat_train_statistical	type	3	int	YES	<NULL>
t_telex_pat_train_statistical	id	4	varchar	NO	<NULL>
t_telex_pat_train_statistical	total_time	5	varchar	YES	<NULL>
t_telex_pat_train_statistical	user_id	6	varchar	YES	<NULL>
t_theory_knowledge	credit	1	double	YES	<NULL>
t_theory_knowledge	status	2	int	YES	<NULL>
t_theory_knowledge	type	3	int	YES	<NULL>
t_theory_knowledge	cover	4	varchar	YES	<NULL>
t_theory_knowledge	create_time	5	varchar	YES	<NULL>
t_theory_knowledge	create_user_id	6	varchar	YES	<NULL>
t_theory_knowledge	difficulty_id	7	varchar	YES	<NULL>
t_theory_knowledge	id	8	varchar	NO	<NULL>
t_theory_knowledge	specialty_id	9	varchar	YES	<NULL>
t_theory_knowledge	title	10	varchar	YES	<NULL>
t_theory_knowledge_classify	type	1	int	YES	<NULL>
t_theory_knowledge_classify	create_time	2	datetime	YES	<NULL>
t_theory_knowledge_classify	create_id	3	varchar	YES	<NULL>
t_theory_knowledge_classify	id	4	varchar	NO	<NULL>
t_theory_knowledge_classify	name	5	varchar	YES	<NULL>
t_theory_knowledge_exam	state	1	int	YES	<NULL>
t_theory_knowledge_exam	create_time	2	varchar	YES	<NULL>
t_theory_knowledge_exam	create_user_id	3	varchar	YES	<NULL>
t_theory_knowledge_exam	duration	4	varchar	YES	<NULL>
t_theory_knowledge_exam	end_time	5	varchar	YES	<NULL>
t_theory_knowledge_exam	id	6	varchar	NO	<NULL>
t_theory_knowledge_exam	start_time	7	varchar	YES	<NULL>
t_theory_knowledge_exam	teacher	8	varchar	YES	<NULL>
t_theory_knowledge_exam	title	9	varchar	YES	<NULL>
t_theory_knowledge_exam_test_paper	pass_mark	1	int	YES	<NULL>
t_theory_knowledge_exam_test_paper	total	2	int	YES	<NULL>
t_theory_knowledge_exam_test_paper	completion_list	3	longtext	YES	<NULL>
t_theory_knowledge_exam_test_paper	exam_id	4	varchar	YES	<NULL>
t_theory_knowledge_exam_test_paper	id	5	varchar	NO	<NULL>
t_theory_knowledge_exam_test_paper	judge_list	6	longtext	YES	<NULL>
t_theory_knowledge_exam_test_paper	multiple_choice_list	7	longtext	YES	<NULL>
t_theory_knowledge_exam_test_paper	name	8	varchar	YES	<NULL>
t_theory_knowledge_exam_test_paper	pass_the_exam_than	9	varchar	YES	<NULL>
t_theory_knowledge_exam_test_paper	short_answer	10	longtext	YES	<NULL>
t_theory_knowledge_exam_test_paper	single_choice_list	11	longtext	YES	<NULL>
t_theory_knowledge_exam_test_paper	test_paper_id	12	varchar	YES	<NULL>
t_theory_knowledge_exam_user	is_self_testing	1	int	YES	<NULL>
t_theory_knowledge_exam_user	score	2	int	YES	<NULL>
t_theory_knowledge_exam_user	state	3	int	YES	<NULL>
t_theory_knowledge_exam_user	content	4	longtext	YES	<NULL>
t_theory_knowledge_exam_user	end_time	5	varchar	YES	<NULL>
t_theory_knowledge_exam_user	exam_id	6	varchar	YES	<NULL>
t_theory_knowledge_exam_user	id	7	varchar	NO	<NULL>
t_theory_knowledge_exam_user	start_time	8	varchar	YES	<NULL>
t_theory_knowledge_exam_user	user_id	9	varchar	YES	<NULL>
t_theory_knowledge_swf	have_test	1	bit	YES	<NULL>
t_theory_knowledge_swf	record	2	double	NO	<NULL>
t_theory_knowledge_swf	score	3	int	YES	<NULL>
t_theory_knowledge_swf	sort	4	int	YES	<NULL>
t_theory_knowledge_swf	content	5	varchar	YES	<NULL>
t_theory_knowledge_swf	cover	6	varchar	YES	<NULL>
t_theory_knowledge_swf	create_time	7	varchar	YES	<NULL>
t_theory_knowledge_swf	create_user_id	8	varchar	YES	<NULL>
t_theory_knowledge_swf	id	9	varchar	NO	<NULL>
t_theory_knowledge_swf	knowledge_id	10	varchar	YES	<NULL>
t_theory_knowledge_swf	title	11	varchar	YES	<NULL>
t_theory_knowledge_swf_record	type	1	int	NO	<NULL>
t_theory_knowledge_swf_record	exit_time	2	varchar	YES	<NULL>
t_theory_knowledge_swf_record	id	3	varchar	NO	<NULL>
t_theory_knowledge_swf_record	join_time	4	varchar	YES	<NULL>
t_theory_knowledge_swf_record	knowledge_id	5	varchar	YES	<NULL>
t_theory_knowledge_swf_record	knowledge_swf_id	6	varchar	YES	<NULL>
t_theory_knowledge_swf_record	user_id	7	varchar	YES	<NULL>
t_theory_knowledge_test	versions	1	int	YES	<NULL>
t_theory_knowledge_test	create_time	2	varchar	YES	<NULL>
t_theory_knowledge_test	create_user_id	3	varchar	YES	<NULL>
t_theory_knowledge_test	id	4	varchar	NO	<NULL>
t_theory_knowledge_test	knowledge_id	5	varchar	YES	<NULL>
t_theory_knowledge_test	knowledge_swf_id	6	varchar	YES	<NULL>
t_theory_knowledge_test	title	7	varchar	YES	<NULL>
t_theory_knowledge_test_content	sort	1	int	YES	<NULL>
t_theory_knowledge_test_content	type	2	int	YES	<NULL>
t_theory_knowledge_test_content	analysis	3	varchar	YES	<NULL>
t_theory_knowledge_test_content	answer	4	varchar	YES	<NULL>
t_theory_knowledge_test_content	create_time	5	varchar	YES	<NULL>
t_theory_knowledge_test_content	create_user_id	6	varchar	YES	<NULL>
t_theory_knowledge_test_content	id	7	varchar	NO	<NULL>
t_theory_knowledge_test_content	knowledge_id	8	varchar	YES	<NULL>
t_theory_knowledge_test_content	knowledge_swf_id	9	varchar	YES	<NULL>
t_theory_knowledge_test_content	knowledge_test_id	10	varchar	YES	<NULL>
t_theory_knowledge_test_content	options	11	varchar	YES	<NULL>
t_theory_knowledge_test_content	topic	12	varchar	YES	<NULL>
t_theory_knowledge_test_fallible	number	1	int	YES	<NULL>
t_theory_knowledge_test_fallible	content	2	varchar	YES	<NULL>
t_theory_knowledge_test_fallible	id	3	varchar	NO	<NULL>
t_theory_knowledge_test_fallible	user_id	4	varchar	YES	<NULL>
t_theory_knowledge_test_paper	pass_mark	1	int	YES	<NULL>
t_theory_knowledge_test_paper	total	2	int	YES	<NULL>
t_theory_knowledge_test_paper	create_time	3	varchar	YES	<NULL>
t_theory_knowledge_test_paper	create_user_id	4	varchar	YES	<NULL>
t_theory_knowledge_test_paper	create_user_name	5	varchar	YES	<NULL>
t_theory_knowledge_test_paper	id	6	varchar	NO	<NULL>
t_theory_knowledge_test_paper	level_id	7	varchar	YES	<NULL>
t_theory_knowledge_test_paper	name	8	varchar	YES	<NULL>
t_theory_knowledge_test_paper	pass_the_exam_than	9	varchar	YES	<NULL>
t_theory_knowledge_test_paper_question	score	1	int	YES	<NULL>
t_theory_knowledge_test_paper_question	sort	2	int	YES	<NULL>
t_theory_knowledge_test_paper_question	type	3	int	YES	<NULL>
t_theory_knowledge_test_paper_question	analysis	4	varchar	YES	<NULL>
t_theory_knowledge_test_paper_question	answer	5	varchar	YES	<NULL>
t_theory_knowledge_test_paper_question	id	6	varchar	NO	<NULL>
t_theory_knowledge_test_paper_question	options	7	varchar	YES	<NULL>
t_theory_knowledge_test_paper_question	parent_id	8	varchar	YES	<NULL>
t_theory_knowledge_test_paper_question	test_paper_id	9	varchar	YES	<NULL>
t_theory_knowledge_test_paper_question	topic	10	varchar	YES	<NULL>
t_theory_knowledge_test_user	score	1	int	YES	<NULL>
t_theory_knowledge_test_user	content	2	varchar	YES	<NULL>
t_theory_knowledge_test_user	create_time	3	varchar	YES	<NULL>
t_theory_knowledge_test_user	id	4	varchar	NO	<NULL>
t_theory_knowledge_test_user	knowledge_id	5	varchar	YES	<NULL>
t_theory_knowledge_test_user	knowledge_swf_id	6	varchar	YES	<NULL>
t_theory_knowledge_test_user	user_id	7	varchar	YES	<NULL>
t_theory_question	type	1	int	YES	<NULL>
t_theory_question	analysis	2	varchar	YES	<NULL>
t_theory_question	answer	3	varchar	YES	<NULL>
t_theory_question	create_time	4	varchar	YES	<NULL>
t_theory_question	create_user_id	5	varchar	YES	<NULL>
t_theory_question	id	6	varchar	NO	<NULL>
t_theory_question	level_id	7	varchar	YES	<NULL>
t_theory_question	options	8	varchar	YES	<NULL>
t_theory_question	topic	9	varchar	YES	<NULL>
t_theory_question_level	create_time	1	varchar	YES	<NULL>
t_theory_question_level	create_user_id	2	varchar	YES	<NULL>
t_theory_question_level	id	3	varchar	NO	<NULL>
t_theory_question_level	name	4	varchar	YES	<NULL>
t_theory_question_level	parent_id	5	varchar	YES	<NULL>
t_ticker_tape_train	code_short	1	int	YES	<NULL>
t_ticker_tape_train	is_low_rate	2	int	YES	<NULL>
t_ticker_tape_train	rate	3	int	YES	<NULL>
t_ticker_tape_train	schedule	4	int	YES	<NULL>
t_ticker_tape_train	status	5	int	YES	<NULL>
t_ticker_tape_train	type	6	int	YES	<NULL>
t_ticker_tape_train	create_time	7	datetime	YES	<NULL>
t_ticker_tape_train	end_time	8	datetime	YES	<NULL>
t_ticker_tape_train	start_time	9	datetime	YES	<NULL>
t_ticker_tape_train	code_message_body	10	varchar	YES	<NULL>
t_ticker_tape_train	id	11	varchar	NO	<NULL>
t_ticker_tape_train	mark	12	varchar	YES	<NULL>
t_ticker_tape_train	name	13	varchar	YES	<NULL>
t_ticker_tape_train	user_id	14	varchar	YES	<NULL>
t_ticker_tape_train	valid_time	15	varchar	YES	<NULL>
t_ticker_tape_train_setting	dot	1	int	YES	<NULL>
t_ticker_tape_train_setting	rate	2	int	YES	<NULL>
t_ticker_tape_train_setting	create_time	3	datetime	YES	<NULL>
t_ticker_tape_train_setting	id	4	varchar	NO	<NULL>
t_ticker_tape_train_setting	text	5	varchar	YES	<NULL>
t_ticker_tape_train_setting	type	6	varchar	YES	<NULL>
t_ticker_tape_train_stage_setting	id	1	int	NO	<NULL>
t_ticker_tape_train_stage_setting	stage_array	2	varchar	YES	<NULL>
t_ticker_tape_train_statistical	avg_speed	1	decimal	YES	<NULL>
t_ticker_tape_train_statistical	total_count	2	int	YES	<NULL>
t_ticker_tape_train_statistical	type	3	int	YES	<NULL>
t_ticker_tape_train_statistical	id	4	varchar	NO	<NULL>
t_ticker_tape_train_statistical	total_time	5	varchar	YES	<NULL>
t_ticker_tape_train_statistical	user_id	6	varchar	YES	<NULL>
t_user	status	1	int	YES	<NULL>
t_user	user_sex	2	int	YES	<NULL>
t_user	bday	3	varchar	YES	<NULL>
t_user	dday	4	varchar	YES	<NULL>
t_user	device_id	5	varchar	YES	<NULL>
t_user	eday	6	varchar	YES	<NULL>
t_user	email	7	varchar	YES	<NULL>
t_user	id	8	varchar	NO	<NULL>
t_user	id_card	9	varchar	YES	<NULL>
t_user	password	10	varchar	YES	<NULL>
t_user	phone	11	varchar	YES	<NULL>
t_user	token	12	varchar	YES	<NULL>
t_user	update_flag	13	varchar	YES	<NULL>
t_user	user_account	14	varchar	YES	<NULL>
t_user	user_img	15	varchar	YES	<NULL>
t_user	user_name	16	varchar	YES	<NULL>
t_user	wkno	17	varchar	YES	<NULL>
t_user_role	id	1	varchar	NO	<NULL>
t_user_role	role_id	2	varchar	YES	<NULL>
t_user_role	user_id	3	varchar	YES	<NULL>
